Feature,aMPFC_likeFwrd,aMPFC_zRvrs,aMPFC_probRvrs,dACC_likeFwrd,dACC_zRvrs,dACC_probRvrs,dMPFC_likeFwrd,dMPFC_zRvrs,dMPFC_probRvrs,lAI_likeFwrd,lAI_zRvrs,lAI_probRvrs,ldLPFC_likeFwrd,ldLPFC_zRvrs,ldLPFC_probRvrs,lIPL_likeFwrd,lIPL_zRvrs,lIPL_probRvrs,lTPJ_likeFwrd,lTPJ_zRvrs,lTPJ_probRvrs,pACC_likeFwrd,pACC_zRvrs,pACC_probRvrs,PCC_likeFwrd,PCC_zRvrs,PCC_probRvrs,rAI_likeFwrd,rAI_zRvrs,rAI_probRvrs,rdLPFC_likeFwrd,rdLPFC_zRvrs,rdLPFC_probRvrs,rIFG_likeFwrd,rIFG_zRvrs,rIFG_probRvrs,rIPL_likeFwrd,rIPL_zRvrs,rIPL_probRvrs,rTPJ_likeFwrd,rTPJ_zRvrs,rTPJ_probRvrs
Acupuncture,0.0215384765017117,2.0566350462575227,0.8597877624745992,0.0035451680672268,-0.4390914167251144,0.0,0.0056460084033613,-0.5552964009674165,0.0,0.0113576680672268,-0.7921603389989943,0.0,0.0136554621848739,-0.8706458319022046,0.0,0.0107011554621848,-0.7684106004545297,0.0,0.002626050420168,-0.3775616232683974,0.0,0.001641281512605,-0.2981946616577654,0.0,0.0035451680672268,-0.4390914167251144,0.0,0.0044642857142857,-0.493189113952894,0.0,0.0240332244008714,1.2863675380580957,0.7705382436260623,0.0403852513227513,4.211475585738154,0.917093142272262,0.0022321428571428,-0.3479573467979341,0.0,0.0392035286336756,5.357926376941252,0.9447373317620792
Affective Pictures,0.0031208499335989,-0.8424228037666022,0.0,0.0123024127678078,1.3596838485786744,0.719335116545663,0.0057104913678618,-1.1424788735546945,0.0,0.0245625168940756,0.2817919405086128,0.5404306220095694,0.0312449317773155,0.5386660528990705,0.5664635522455428,0.0151817508726157,-0.924928584931988,0.291453785415699,0.0026560424966799,-0.7768034824242785,0.0,0.0060184042590699,1.046336865653948,0.7352079671939075,0.0079440350691628,0.2281438164916939,0.5569938604926401,0.0132320276416458,1.0038696173512975,0.6687982946975752,0.0143608457027347,0.6717491144406803,0.6162281599083432,0.0078776340067458,0.2471564236875057,0.561688796061465,0.0022576361221779,-0.7158950011601241,0.0,0.0023240371845949,-0.7263943100641038,0.0
Affective Words,0.0030831802676462,-0.3609637217938927,0.0,0.003542377328785,-0.3870897829187133,0.0,0.005641563893991,-0.4895326009995441,0.0,0.0113487273681448,-0.6983447227161349,0.0,0.0136447126738388,-0.7675351720233949,0.0,0.0106927315665179,-0.6774076677262675,0.0,0.0026239832065074,-0.3328469681312303,0.0,0.0016399895040671,-0.2628794425304955,0.0,0.003542377328785,-0.3870897829187133,0.0,0.0044607714510627,-0.4347806852653953,0.0,0.0055759643138283,-0.4866459618759965,0.0,0.0034767777486224,-0.3834636058598128,0.0,0.0022303857255313,-0.3067487286395867,0.0,0.002295985305694,-0.3112475024160077,0.0
Anti-Saccades,0.0030843942774642,-0.3859624146805353,0.0,0.0035437721485759,-0.4138978470495109,0.0,0.0056437852736579,-0.5234353851618117,0.0,0.0321209038806492,0.6278325363131286,0.6485911296501234,0.0136500853130332,-0.8206911400241493,0.0,0.0106969418558866,-0.7243218178807118,0.0,0.0026250164063525,-0.3558984235329281,0.0,0.0016406352539703,-0.2810852678067096,0.0,0.0035437721485759,-0.4138978470495109,0.0,0.0044625278907993,-0.4648916027004712,0.0,0.0263458677866736,1.4291737735763583,0.7907628437986507,0.0034781467384171,-0.4100205375881699,0.0,0.0022312639453996,-0.3279927395959224,0.0,0.0022968893555584,-0.3328030778238739,0.0
Autobiographical Recall,0.0147416839188705,2.0611520164595136,0.7980571247558207,0.0035723736438211,-0.7820644636432547,0.0,0.0056893358031225,-0.9890368279676182,0.0,0.0405258160422147,2.255736151431325,0.7257537929710005,0.0137602540354591,-1.550704795434659,0.0,0.0224156717463381,0.1413559376633247,0.524842887399743,0.008462400572825,0.8392079009816249,0.6951163432355376,0.0016538766869542,-0.5311136570830708,0.0,0.0093885715175194,0.5201836181923432,0.6265439774517119,0.0103147424622137,0.2831301396122704,0.5702859729872481,0.0056231807356443,-0.9832047497844468,0.0,0.0035062185763429,-0.7747382454329439,0.0,0.0022492722942577,-0.6197458329380542,0.0,0.0081316252354342,0.9866897039277416,0.7233920367534457
Chewing/Swallowing,0.0030978117585025,-0.5961003672331763,0.0,0.0035591879778539,-0.6392452975698449,0.0,0.0056683364091747,-0.8084207514766869,0.0,0.0114025837068283,-1.153255910587426,0.0,0.0137094648035855,-1.2675179534212964,0.0,0.0107434748220406,-1.1186801750918576,0.0,0.002636435539151,-0.5496679803428183,0.0,0.0016477722119694,-0.4341226632186516,0.0,0.0035591879778539,-0.6392452975698449,0.0,0.0131879593526394,0.6978111877247788,0.665146865409908,0.005602425520696,-0.8036537166260243,0.0,0.0121992960254577,0.968855928681331,0.7190521327014219,0.0022409702082784,-0.5065689950270825,0.0,0.0023068810967571,-0.5139983308254179,0.0
Classical Conditioning,0.0031096996162498,-0.7336060347406824,0.0,0.0208162153678554,3.0975177334320283,0.837897771371549,0.0114378783262707,0.0332262256050747,0.5083069886325419,0.0286897101409135,0.7680234265126411,0.6079482985170684,0.013762074897446,-1.559903115121352,0.0,0.0107847029244409,-1.3767321285194425,0.0,0.0026465528648934,-0.676462840234217,0.0,0.0016540955405584,-0.5342640653504611,0.0,0.0035728463676061,-0.7867034374655919,0.0,0.0102469295370686,0.2712230972015116,0.5673849388092199,0.0113717145046483,0.045054618839017,0.511264461132535,0.0035066825459838,-0.7793337623075811,0.0,0.0022495699351594,-0.6234219809145384,0.0,0.0080635234235315,0.9736458545753712,0.7210189867379067
Counting/Calculation,0.0058447145093149,-0.1087770697312507,0.4726374461616417,0.0063137576612849,-0.2504144081722729,0.4375256523013779,0.005762530152774,-1.4525065830881128,0.0,0.0196783407940933,-0.5547955094048034,0.4211377831289036,0.0462823795258777,3.27064321828096,0.7162374020156774,0.0513533764443345,5.800484444845624,0.8068887959745671,0.0053756713573449,0.0549727642075305,0.513876454789615,0.0016751541141785,-0.7799973281747363,0.0,0.0036183328866255,-1.1485454835644358,0.0,0.0099472687398842,0.3121360559589792,0.5554149609229623,0.0056955239882069,-1.4439415512160956,0.0,0.0062467514967178,-0.2312814538211476,0.4422187981510015,0.0049736343699421,0.2202198523826935,0.5554149609229623,0.0023452157598499,-0.9235116217099516,0.0
Cued Explicit Recognition/Recall,0.0048521129072346,-0.599885685633173,0.3553375537621417,0.0086403860493253,0.6798078267549444,0.5986322559635269,0.0108163686414646,-0.1493443447435993,0.4782024323093932,0.0332937060641445,2.590510094409503,0.6732141222207354,0.0356736870242969,1.8794344294448797,0.6283004357856959,0.0309575730290709,2.4098428846517512,0.6683229060942542,0.0076883936652644,1.2298998080976764,0.6727561072310836,0.0016999864001087,-0.9945993382231396,0.0,0.0102965245243555,1.394592696735428,0.6697941337219895,0.0095923784333863,0.2676853416370645,0.5392211982693295,0.0107483691854603,-0.128548973058642,0.4812277754750322,0.0069162481182909,-0.0079290491726181,0.4985760781122864,0.0089365354042684,2.4379199130374323,0.7717254408060454,0.0040361194351824,-0.2908611438285754,0.4271771335618428
Cued Speech,0.0030759162303664,-0.1362706504161586,0.0,0.0035340314136125,-0.1461337339543001,0.0,0.0056282722513089,-0.1848078405403077,0.0,0.0113219895287958,-0.2636383764725184,0.0,0.0136125654450261,-0.2897590832372559,0.0,0.0106675392670157,-0.2557342411564013,0.0,0.0026178010471204,-0.1256560426928105,0.0,0.0016361256544502,-0.0992419748905467,0.0,0.0035340314136125,-0.1461337339543001,0.0,0.0044502617801047,-0.164137954016688,0.0,0.0055628272251308,-0.183718079527961,0.0,0.0034685863874345,-0.1447647833465082,0.0,0.0022251308900523,-0.1158034623488123,0.0,0.0022905759162303,-0.1175018347656894,0.0
Deception,0.003095771308128,-0.5691681072281927,0.0,0.0035568436306152,-0.610363717373838,0.0,0.0534121885228458,5.824256827593672,0.9001114615694737,0.0209445902536404,-0.1656132982489912,0.4590867856062897,0.0137004347253326,-1.210250545181009,0.0,0.0107363983664866,-1.068137368889879,0.0,0.0312832504078716,5.260699570485032,0.9220958011094464,0.0207457211475127,4.459475657924289,0.9269752106484308,0.0035568436306152,-0.610363717373838,0.0,0.0140285054163331,0.7962687834388168,0.6854176072234763,0.0055987353444868,-0.7673440412091044,0.0,0.0130404932967177,1.0721715487037806,0.7373482272948033,0.0117890112785383,1.6072572099768625,0.8156226496185667,0.0214043958939229,3.63119940234132,0.8984495206533317
Delay Discounting,0.0030916984607288,-0.5111844798395565,0.0,0.0035521641889225,-0.5481833142375838,0.0,0.0174961314613991,0.7736789479895044,0.6804225226031689,0.0113800815682147,-0.9889719167794472,0.0,0.0255213912956315,-0.1359940558856368,0.4664621049401656,0.0344002355579779,1.1826868385431402,0.6921325805864141,0.0144702138189837,1.6730704810329535,0.8227080852906159,0.013483501544283,2.3375693574027547,0.8829132303403415,0.0035521641889225,-0.5481833142375838,0.0,0.0163120767317583,1.0320234625318474,0.729812770043207,0.0174303506430858,0.7862731071363254,0.6829903854793781,0.0034863833706091,-0.5430480462819902,0.0,0.0140755289091034,1.890644173886051,0.8457772337821297,0.0023023286409682,-0.4407780699766158,0.0
Delayed Match to Sample,0.0053811653676586,-0.304085252097014,0.4242770602354554,0.0124998769878759,2.007753294150404,0.7306007971264086,0.021302317056369,2.948378356770912,0.750234592674934,0.029377447941269,1.4026884830311266,0.6217299820993017,0.0428134471933553,2.9665899120501864,0.6932486693435428,0.0220566889072586,0.1563514867822323,0.5175538886255264,0.0049097214021413,-0.1388742009017353,0.4650172251800814,0.0016837284482758,-0.8601704636855091,0.0,0.0036368534482758,-1.266600365764583,0.0,0.0156585208038104,2.228073575943367,0.7290295971875798,0.019019212033538,2.330413108478953,0.7202522435120059,0.0035695043103448,-1.2547351153968291,0.0,0.0067213824594552,1.0568265198857505,0.6793557833089312,0.0023572198275862,-1.0184360781390422,0.0
Digit/Numerical,0.0030775275013095,-0.2082113695745417,0.0,0.003535882661079,-0.2232814240978968,0.0,0.0056312205343111,-0.2823725686308773,0.0,0.0113279203771608,-0.4028197360922169,0.0,0.0136196961760083,-0.4427302238834757,0.0,0.0106731272917757,-0.3907428080490518,0.0,0.00261917234154,-0.191993042261761,0.0,0.0016369827134625,-0.1516343207296591,0.0,0.003535882661079,-0.2232814240978968,0.0,0.0044525929806181,-0.2507905267980242,0.0,0.0055657412257726,-0.2807074952478948,0.0,0.0034704033525405,-0.2211897698784612,0.0,0.002226296490309,-0.1769390358340948,0.0,0.0022917757988475,-0.1795340219582946,0.0
Divided Auditory Attention,0.0030843942774642,-0.3859624146805353,0.0,0.0035437721485759,-0.4138978470495109,0.0,0.0056437852736579,-0.5234353851618117,0.0,0.0321209038806492,0.6278325363131286,0.6485911296501234,0.0136500853130332,-0.8206911400241493,0.0,0.0106969418558866,-0.7243218178807118,0.0,0.0026250164063525,-0.3558984235329281,0.0,0.0016406352539703,-0.2810852678067096,0.0,0.0243114800717504,2.027013607425343,0.8569339781801821,0.0044625278907993,-0.4648916027004712,0.0,0.0055781598634991,-0.5203488306435382,0.0,0.0034781467384171,-0.4100205375881699,0.0,0.0022312639453996,-0.3279927395959224,0.0,0.0022968893555584,-0.3328030778238739,0.0
Drawing,0.0030904786954234,-0.4924925101864142,0.0,0.0035507627564439,-0.5281384453532553,0.0,0.0056549184639663,-0.6679096123183568,0.0,0.0113755917937927,-0.9528091736107708,0.0,0.0136770120988953,-1.047211397443435,0.0,0.010718043135192,-0.9242430265292064,0.0,0.0153849525890556,1.7708178772479082,0.8333150684931507,0.0016438716465018,-0.3586680564042197,0.0,0.0290602786657494,3.305253898269658,0.8823392898584358,0.004471330878485,-0.5932070680199497,0.0,0.0055891635981062,-0.6639711330138633,0.0,0.0034850078905839,-0.5231909535852656,0.0,0.0022356654392425,-0.4185225335482935,0.0,0.0150561782597553,1.9531275651470124,0.851511758118701
Driving,0.0030771245253371,-0.1927536499907546,0.0,0.0035354196674086,-0.2067048958851169,0.0,0.0056304831740212,-0.2614090833372119,0.0,0.0945942996813757,2.372927004685251,0.8809551274656823,0.0136179127929815,-0.4098617034657758,0.0,0.0106717297368076,-0.3617338602257608,0.0,0.0026188293832656,-0.1777393796717456,0.0,0.001636768364541,-0.1403769104647601,0.0,0.0035354196674086,-0.2067048958851169,0.0,0.0044520099515516,-0.2321717085969065,0.0,0.0055650124394395,-0.259867625861916,0.0,0.003469948932827,-0.2047685271549239,0.0,0.0022260049757758,-0.1638029904541621,0.0,0.0022914757103574,-0.1662053234686223,0.0
Emotion Induction,0.0144550475260172,3.254589289638029,0.8044184535412605,0.0058931635170505,-0.4286963604509454,0.3946235987887159,0.0057889068389876,-1.5866813854326391,0.0,0.0229364691738362,0.0620716902414929,0.506961506961507,0.0275506881566918,0.0633062896448534,0.5064660560467283,0.0154885348962442,-1.237932920669869,0.3002971437812051,0.0049507833339594,-0.1200511153198563,0.4697400872699678,0.0039410902806477,0.3595251813535423,0.5900857959961869,0.0036348949919224,-1.2546419825650408,0.0,0.0068355437001415,-0.6725114769761092,0.3402189346402235,0.0124963995441509,0.4016892641488171,0.5583003457433482,0.0058258506468297,-0.4092425284758407,0.3991831470335339,0.0068051746377628,1.0848224071688235,0.6834744203165256,0.0023559504577275,-1.008820694142785,0.0
Encoding,0.0056022995147689,-0.2055686636962025,0.4484877696107965,0.0060724768387882,-0.3481727907967305,0.4137624367739425,0.0082218588914481,-0.8438672048142901,0.3055954677942444,0.0116200967221923,-2.175294372994655,0.0,0.0335341403416869,1.1408830617369723,0.5994041388195507,0.020729993330435,-0.121321129340399,0.4848169073709233,0.0026867275658248,-1.036794742327437,0.0,0.0065699939784899,1.6971198288754454,0.7648600051374261,0.0036270822138635,-1.2057572703518198,0.0,0.0045674368619022,-1.3543110549559103,0.0,0.0081546907023024,-0.8309267217657378,0.308112582781457,0.0060053086496426,-0.3288819195941094,0.4183902877697841,0.0022837184309511,-0.9555005738966448,0.0,0.0047962812450214,0.0943762309292751,0.523856439127375
Episodic Recall,0.0030795439654042,-0.2727019710527701,0.0,0.0035381994496134,-0.292439767220142,0.0,0.0056349102345695,-0.3698335791855296,0.0,0.0113353426811689,-0.5275875963727185,0.0,0.0552297645568514,1.1957285375076627,0.7544241225902125,0.0106801205608701,-0.5117700063517538,0.0,0.0026208884811951,-0.2514602404286848,0.0,0.0016380553007469,-0.1986009612574103,0.0,0.0035381994496134,-0.292439767220142,0.0,0.0044555104180317,-0.3284694352615504,0.0,0.0055693880225396,-0.3676527722756348,0.0,0.0034726772375835,-0.2897002519402294,0.0,0.0022277552090158,-0.2317434630334144,0.0,0.0022932774210457,-0.2351422103370314,0.0
Estimation,0.0030791404612159,-0.2610751537633078,0.0,0.0035377358490566,-0.2799714167769267,0.0,0.0510232037354678,2.506529201420742,0.890860277810202,0.011333857442348,-0.5050935727192359,0.0,0.1044048980369735,3.1537029553624967,0.8707358813462636,0.0106787211740041,-0.4899503754370679,0.0,0.0026205450733752,-0.2407390774692032,0.0,0.0016378406708595,-0.1901334863758128,0.0,0.0035377358490566,-0.2799714167769267,0.0,0.09523299028016,6.111886715507088,0.9545966228893058,0.0055686582809224,-0.3519776688185131,0.0,0.0034722222222222,-0.277348702426242,0.0,0.0022274633123689,-0.2218629370793304,0.0,0.0022929769392033,-0.2251167766884422,0.0
Face Monitor/Discrimination,0.0127969024329069,3.929668490833735,0.7937869025161085,0.0069276711813393,-0.0759318376736337,0.4887651890570905,0.0102091171306746,-0.4569872629938571,0.4422196972023461,0.0204876787057938,-0.6672245947422918,0.4407207620796511,0.0260959054426887,-0.3177013145913274,0.4757585405265782,0.01661556308001,-1.5070285760080886,0.3396418665207464,0.0059554489591171,0.4623764273539786,0.5685557105630281,0.0027953348382242,-0.3849644351293447,0.4037685060565275,0.0079868949084524,0.5085062643803283,0.5652600588812561,0.0068406696764484,-1.012030055028904,0.3299876254640451,0.0133173438675696,0.9677664528058296,0.5932622360336182,0.0047397792826686,-1.222223103310049,0.2381267363407858,0.0044795585653373,0.0215580058891761,0.503919372900336,0.006667450464008,1.4292932167124417,0.6771212940540287
Figurative Language,0.0030880420499342,-0.4528485925339433,0.0,0.0035479632063074,-0.4856251550927321,0.0,0.0056504599211563,-0.6141452339321348,0.0,0.0113666228646517,-0.8761113809827179,0.0,0.0136662286465177,-0.9629145572960328,0.0,0.0408812168996137,1.5652373166779328,0.7412457994447963,0.0026281208935611,-0.4175745980741056,0.0,0.0016425755584756,-0.3297965373484707,0.0,0.0035479632063074,-0.4856251550927321,0.0,0.0044678055190538,-0.5454559821272015,0.0,0.0357563811571695,2.7165587888730034,0.8474859401971157,0.0336538844423207,3.723456098356861,0.9004318759983435,0.0022339027595269,-0.3848329392650993,0.0,0.0022996057818659,-0.3904768952910853,0.0
Film Viewing,0.0153214429665457,3.455573536130048,0.8158500493258797,0.0060603923149267,-0.3533689190727541,0.412514548578396,0.0082100631465806,-0.8494553809011753,0.3045043570756454,0.0335170630122262,2.154867454612828,0.6712998687203744,0.0261369743383044,-0.1950425838027333,0.4782496947889225,0.0231139997312911,0.3643745887410096,0.5407977911792486,0.0051199113260781,-0.046386184138483,0.4882897067506396,0.0041122531237404,0.4339598966508193,0.6079392305807401,0.0109260378879484,1.357621672294416,0.6864336438255095,0.0118665188767969,0.931391436547936,0.632030343343995,0.0227398226521563,3.2631330248189325,0.7695750432046794,0.0108588606744592,1.3928743866894857,0.690680194252838,0.004716848045143,0.1187591953870471,0.5300149540696432,0.0047840252586322,0.0892862578452991,0.5225724917503334
Finger Tapping/Button Press,0.0072696156371258,0.7839091585484164,0.5908885504359906,0.0046121160179505,-1.6023276653073082,0.1862716648640092,0.0092429690994188,-1.0420830874177294,0.3717881213142375,0.0177684546692032,-1.7900202276298056,0.3384506878299632,0.0226117422500341,-1.5475801082833636,0.3799382284256857,0.0178486347007496,-1.317061499655254,0.3850631910455493,0.0044090500503467,-0.6251424417563626,0.389701418400574,0.0025585825241111,-0.6825528733137793,0.3357744067716011,0.0069770011062167,-0.0576662804920355,0.4925362723214285,0.0103332471915088,0.8367327362741903,0.5819802423200555,0.0083838625702092,-1.428044388687279,0.3074143410683965,0.0069061896064291,-0.0186306956717823,0.497586413445615,0.0039841810516213,-0.3817153035372415,0.4312587796982837,0.0040549925514089,-0.4248871526250528,0.4237277964474316
Fixation,0.0030868251674766,-0.4316891101202352,0.0,0.003546565086037,-0.4629341782447282,0.0,0.0222492228206138,1.1488871663909364,0.7490898356784415,0.0113621437015631,-0.8351748214703599,0.0,0.0136608432943649,-0.9179220940822184,0.0,0.0439073514602215,1.7223248084486835,0.7591743119266054,0.01922807478436,2.137268219451073,0.8667881134008881,0.0016419282805727,-0.314386698061836,0.0,0.003546565086037,-0.4629341782447282,0.0,0.0044660449231577,-0.5199693924556054,0.0,0.0055825561539471,-0.5819968865065306,0.0,0.0200818774902578,1.745843212120617,0.8299356808023548,0.0022330224615788,-0.3668515080652549,0.0,0.0022986995928017,-0.3722317486016831,0.0
Flanker,0.0030856092436974,-0.4094555810638215,0.0,0.0035451680672268,-0.4390914167251144,0.0,0.0610046101774042,4.92807619928318,0.910677986368528,0.0113576680672268,-0.7921603389989943,0.0,0.0321083294428882,0.3142448542139902,0.5767512305944718,0.0291540227201991,0.5660502537317852,0.6351959966638866,0.002626050420168,-0.3775616232683974,0.0,0.001641281512605,-0.2981946616577654,0.0,0.0035451680672268,-0.4390914167251144,0.0,0.0044642857142857,-0.493189113952894,0.0,0.0424860916588857,3.124757046917086,0.8717449779660047,0.0034795168067226,-0.4349780991116059,0.0,0.0022321428571428,-0.3479573467979341,0.0,0.002297794117647,-0.353060485754793,0.0
Flashing Checkerboard,0.0030807551127425,-0.3049500213285101,0.0,0.0035395909805977,-0.3270218873255957,0.0,0.0056371263765076,-0.413567813335689,0.0,0.0113398007341373,-0.5899768459516738,0.0,0.0136339800734137,-0.6484304459065906,0.0,0.0106843209229155,-0.5722887654598559,0.0,0.0026219192448872,-0.2811963748775435,0.0,0.0016386995280545,-0.2220862839293173,0.0,0.0035395909805977,-0.3270218873255957,0.0,0.0044572627163083,-0.3673122013092835,0.0,0.0055715783953854,-0.4111291176742005,0.0,0.0034740429994756,-0.3239584138940913,0.0,0.0022286313581541,-0.2591480132026888,0.0,0.0022941793392763,-0.262948675364121,0.0
Flexion/Extension,0.0031404516904984,-1.0055658119844335,0.0,0.0036081785380195,-1.078347291902618,0.0,0.0057463584124014,-1.3637305294021629,0.0,0.0115595349458773,-1.9454353325403155,0.0,0.0230727148202592,-0.6650345685138883,0.406324096363735,0.0139495356140585,-1.334073386230495,0.2240217944496003,0.0026727248429774,-0.9272386989807976,0.0,0.0016704530268608,-0.7323245083147968,0.0,0.0036081785380195,-1.078347291902618,0.0,0.0045436322330616,-1.2112036928289551,0.0,0.005679540291327,-1.3556889855047578,0.0,0.003541360416945,-1.0682455574110992,0.0,0.0022718161165308,-0.8545347240346295,0.0,0.0023386342376052,-0.8670673217232258,0.0
Fluency Induction,0.0030759162303664,-0.1362706504161586,0.0,0.0035340314136125,-0.1461337339543001,0.0,0.0056282722513089,-0.1848078405403077,0.0,0.0113219895287958,-0.2636383764725184,0.0,0.0136125654450261,-0.2897590832372559,0.0,0.0106675392670157,-0.2557342411564013,0.0,0.0026178010471204,-0.1256560426928105,0.0,0.0016361256544502,-0.0992419748905467,0.0,0.0035340314136125,-0.1461337339543001,0.0,0.0044502617801047,-0.164137954016688,0.0,0.0055628272251308,-0.183718079527961,0.0,0.0034685863874345,-0.1447647833465082,0.0,0.0022251308900523,-0.1158034623488123,0.0,0.0022905759162303,-0.1175018347656894,0.0
Gambling,0.0030827758100485,-0.35224141629926,0.0,0.0035419126328217,-0.377736168866618,0.0,0.005640823822642,-0.4777035649006252,0.0,0.0113472386199658,-0.6814699631646131,0.0,0.0136429227338318,-0.7489884986485956,0.0,0.010691328873147,-0.6610388299024798,0.0,0.0026236389872753,-0.3248040741678849,0.0,0.001639774367047,-0.2565272396148825,0.0,0.0284763216581398,2.2954467372885285,0.8779223770586203,0.004460186278368,-0.4242746711396437,0.0,0.0055752328479601,-0.4748866783498934,0.0,0.0034763216581398,-0.3741976145303783,0.0,0.002230093139184,-0.2993364709534463,0.0,0.0022956841138659,-0.3037265366330143,0.0
Go/No-Go,0.0031637049003769,-1.169961749263341,0.0,0.0104097005673066,1.223194883777234,0.6702156455833258,0.0215967865148839,3.0043970787118544,0.7537727780113365,0.0229364691738362,0.0620716902414929,0.506961506961507,0.0298089566818198,0.4884820117499612,0.5461133692535526,0.0177468034213723,-0.7590867587851624,0.3931268082704114,0.0026925148088314,-1.0788292494783402,0.0,0.0039410902806477,0.3595251813535423,0.5900857959961869,0.0058931635170505,-0.4286963604509454,0.3946235987887159,0.0113520807503976,0.8009026604836593,0.6145784494884028,0.0124963995441509,0.4016892641488171,0.5583003457433482,0.0080841191719577,0.4244036989071151,0.5753456488904379,0.0068051746377628,1.0848224071688235,0.6834744203165256,0.0023559504577275,-1.008820694142785,0.0
Grasping,0.0030925121726542,-0.5232828442772279,0.0,0.0035530990919857,-0.5611573417674856,0.0,0.005658639294644,-0.7096669176182159,0.0,0.0113830767206211,-1.0123782272988424,0.0,0.0136860113172785,-1.1126824211119708,0.0,0.0107250954072904,-0.9820261419661708,0.0,0.0026319252533228,-0.4825224743560617,0.0,0.0016449532833267,-0.3810917665236054,0.0,0.0035530990919857,-0.5611573417674856,0.0,0.0044742729306487,-0.6302940153979972,0.0,0.0055928411633109,-0.7054822069678905,0.0,0.0034873009606527,-0.5559005358042604,0.0,0.0022371364653243,-0.4446883094046773,0.0,0.0023029345966574,-0.4512101036885632,0.0
Hand-Eye Coordination,0.0030775275013095,-0.2082113695745417,0.0,0.003535882661079,-0.2232814240978968,0.0,0.0056312205343111,-0.2823725686308773,0.0,0.0113279203771608,-0.4028197360922169,0.0,0.0136196961760083,-0.4427302238834757,0.0,0.0106731272917757,-0.3907428080490518,0.0,0.00261917234154,-0.191993042261761,0.0,0.0016369827134625,-0.1516343207296591,0.0,0.003535882661079,-0.2232814240978968,0.0,0.0044525929806181,-0.2507905267980242,0.0,0.0055657412257726,-0.2807074952478948,0.0,0.0034704033525405,-0.2211897698784612,0.0,0.002226296490309,-0.1769390358340948,0.0,0.0736548679188804,5.421194671214138,0.9697739395478792
Hunger/Satiety,0.0030823714585519,-0.3432999477995485,0.0,0.0035414480587618,-0.3681475290905013,0.0,0.0056400839454354,-0.4655773038191344,0.0,0.0113457502623294,-0.6641711961054908,0.0,0.0136411332633788,-0.7299758080409041,0.0,0.0106899265477439,-0.6442586967291628,0.0,0.002623294858342,-0.316559088588782,0.0,0.0016395592864637,-0.2500154266190314,0.0,0.0035414480587618,-0.3681475290905013,0.0,0.0044596012591815,-0.4135046752456979,0.0,0.0055745015739769,-0.4628319224952023,0.0,0.0034758656873032,-0.3646987991493159,0.0,0.0022298006295907,-0.2917379674782865,0.0,0.0022953830010493,-0.2960165935821285,0.0
Hypercapnia,0.0030795439654042,-0.2727019710527701,0.0,0.0035381994496134,-0.292439767220142,0.0,0.0056349102345695,-0.3698335791855296,0.0,0.0113353426811689,-0.5275875963727185,0.0,0.0136286201022146,-0.579859807580941,0.0,0.0106801205608701,-0.5117700063517538,0.0,0.0026208884811951,-0.2514602404286848,0.0,0.0016380553007469,-0.1986009612574103,0.0,0.0035381994496134,-0.292439767220142,0.0,0.0044555104180317,-0.3284694352615504,0.0,0.0055693880225396,-0.3676527722756348,0.0,0.0034726772375835,-0.2897002519402294,0.0,0.0022277552090158,-0.2317434630334144,0.0,0.0022932774210457,-0.2351422103370314,0.0
Imagined Movement,0.0031088768355602,-0.7249296301400614,0.0,0.0035719010451117,-0.777399046551518,0.0,0.0056885831459187,-0.98313671418408,0.0,0.0291020165176799,0.8104027662829189,0.6136050004058771,0.0196446682919761,-0.8671561234950691,0.3030023650138293,0.022554318724447,0.1583812732561617,0.5278262691152852,0.0026458526260087,-0.668462271780289,0.0,0.0016536578912554,-0.5279452907288869,0.0,0.0035719010451117,-0.777399046551518,0.0,0.0044979494642148,-0.8731775032546171,0.0,0.0056224368302685,-0.9773394273493212,0.0,0.0093919893661923,0.5519860415129658,0.6337721136916241,0.0022489747321074,-0.6160487300316617,0.0,0.0023151210477576,-0.6250836945250937,0.0
Imagined Objects/Scenes,0.0031158843808008,-0.795803424343657,0.0,0.0035799522673031,-0.8534025891694663,0.0,0.0105856050998894,-0.1295950311948723,0.4676629255286166,0.0310059048864313,1.1542045141799802,0.6386519042276181,0.0284420446817951,0.1547330869318899,0.5221665782003646,0.0108061522142667,-1.4934557383609457,0.0,0.0124202157685935,2.0426951941407223,0.7971673184652786,0.0016573853089366,-0.579560625969974,0.0,0.013348351541598,1.5384404577767123,0.7417387883556256,0.009392287677455,0.1081642906360804,0.5270808582011322,0.0056351100503845,-1.0728904305930886,0.0,0.0035136568549456,-0.8454080901477695,0.0,0.0071382436573012,0.828902890421237,0.6935172413793104,0.0120887387068062,2.2810433085401542,0.8190258999837107
Isometric Force,0.0030827758100485,-0.35224141629926,0.0,0.0035419126328217,-0.377736168866618,0.0,0.005640823822642,-0.4777035649006252,0.0,0.0113472386199658,-0.6814699631646131,0.0,0.0385773317591499,0.6270978223060235,0.6480489671002295,0.010691328873147,-0.6610388299024798,0.0,0.0026236389872753,-0.3248040741678849,0.0,0.001639774367047,-0.2565272396148825,0.0,0.0035419126328217,-0.377736168866618,0.0,0.004460186278368,-0.4242746711396437,0.0,0.0055752328479601,-0.4748866783498934,0.0,0.0034763216581398,-0.3741976145303783,0.0,0.002230093139184,-0.2993364709534463,0.0,0.0022956841138659,-0.3037265366330143,0.0
Lexical Decision,0.0030835848313869,-0.3694823867059669,0.0,0.0035428421466999,-0.3962250171610479,0.0,0.0056423041595591,-0.5010854633501618,0.0,0.01135021650702,-0.7148255054839148,0.0,0.0136465030835848,-0.7856488342668051,0.0,0.0106941346280015,-0.6933943405740307,0.0,0.002624327516074,-0.3407020838044028,0.0,0.0016402046975462,-0.2690833398974139,0.0,0.0035428421466999,-0.3962250171610479,0.0,0.0044613567773258,-0.4450414143758205,0.0,0.0055766959716572,-0.4981307001744424,0.0,0.003477233958798,-0.3925132631163964,0.0,0.0022306783886629,-0.3139879315669587,0.0,0.0022962865765647,-0.318592875420877,0.0
Luminance,0.003076318889907,-0.1573620923040963,0.0,0.003534494043723,-0.1687517455962185,0.0,0.0056290090325958,-0.2134116801586514,0.0,0.011323471658594,-0.3044433002020163,0.0,0.0136143474276737,-0.3346068684862214,0.0,0.0106689357245712,-0.2953157935276119,0.0,0.0026181437360911,-0.1451045968328985,0.0,0.0016363398350569,-0.114602262229426,0.0,0.003534494043723,-0.1687517455962185,0.0,0.0044508443513548,-0.1895425888971676,0.0,0.0055635554391936,-0.2121532501703114,0.0,0.0034690404503207,-0.1671709141314448,0.0,0.0022254221756774,-0.1337270723785061,0.0,0.0022908757690797,-0.1356883122802397,0.0
Magnitude Comparison (Non-symbolic),0.0030771245253371,-0.1927536499907546,0.0,0.0035354196674086,-0.2067048958851169,0.0,0.0056304831740212,-0.2614090833372119,0.0,0.011326437082624,-0.3729141908952748,0.0,0.0136179127929815,-0.4098617034657758,0.0,0.0106717297368076,-0.3617338602257608,0.0,0.0026188293832656,-0.1777393796717456,0.0,0.001636768364541,-0.1403769104647601,0.0,0.0035354196674086,-0.2067048958851169,0.0,0.0044520099515516,-0.2321717085969065,0.0,0.0055650124394395,-0.259867625861916,0.0,0.003469948932827,-0.2047685271549239,0.0,0.0022260049757758,-0.1638029904541621,0.0,0.0022914757103574,-0.1662053234686223,0.0
Magnitude Comparison (Symbolic),0.0030775275013095,-0.2082113695745417,0.0,0.003535882661079,-0.2232814240978968,0.0,0.0056312205343111,-0.2823725686308773,0.0,0.0113279203771608,-0.4028197360922169,0.0,0.0136196961760083,-0.4427302238834757,0.0,0.0106731272917757,-0.3907428080490518,0.0,0.00261917234154,-0.191993042261761,0.0,0.0016369827134625,-0.1516343207296591,0.0,0.003535882661079,-0.2232814240978968,0.0,0.0044525929806181,-0.2507905267980242,0.0,0.0055657412257726,-0.2807074952478948,0.0,0.0034704033525405,-0.2211897698784612,0.0,0.002226296490309,-0.1769390358340948,0.0,0.0022917757988475,-0.1795340219582946,0.0
Meditation,0.0030775275013095,-0.2082113695745417,0.0,0.003535882661079,-0.2232814240978968,0.0,0.0056312205343111,-0.2823725686308773,0.0,0.0826910124971937,2.1395016866599,0.8638009049773756,0.0136196961760083,-0.4427302238834757,0.0,0.0106731272917757,-0.3907428080490518,0.0,0.00261917234154,-0.191993042261761,0.0,0.0016369827134625,-0.1516343207296591,0.0,0.003535882661079,-0.2232814240978968,0.0,0.0044525929806181,-0.2507905267980242,0.0,0.0055657412257726,-0.2807074952478948,0.0,0.0034704033525405,-0.2211897698784612,0.0,0.002226296490309,-0.1769390358340948,0.0,0.0022917757988475,-0.1795340219582946,0.0
Mental Rotation,0.003122508636726,-0.8574310462879982,0.0,0.0035875631145362,-0.9194907342098506,0.0,0.0099205943612002,-0.2795560037161256,0.4307709919294831,0.015700557156842,-1.0324645369829424,0.2721880650994575,0.0180258295458933,-1.2506020360440158,0.2370767049929123,0.0192432615366444,-0.3193582756167639,0.4441559208002597,0.0026574541589157,-0.7906426793258363,0.0,0.0058679767688537,1.0072199980660197,0.7282755951228953,0.0035875631145362,-0.9194907342098506,0.0,0.0129318079092195,0.9515138006519626,0.6609291297093176,0.0056470900876959,-1.155975880870996,0.0,0.0035211267605633,-0.9108771351085712,0.0,0.0022588360350783,-0.7286490787435257,0.0,0.0023252723890512,-0.7393354388213738,0.0
Micturition,0.0030847991598844,-0.3939470937295501,0.0,0.0035442373326332,-0.4224604462614162,0.0,0.0255788920976634,1.364982563241912,0.7818946936261932,0.011354686269362,-0.7621565750933722,0.0,0.0136518771331058,-0.8376693614835807,0.0,0.0106983460225781,-0.7393063786151128,0.0,0.0026253609871357,-0.3632611474093266,0.0,0.0016408506169598,-0.2869002787079674,0.0,0.0035442373326332,-0.4224604462614162,0.0,0.0044631136781307,-0.474509146012863,0.0,0.0055788920976634,-0.5311136570830708,0.0,0.0034786033079548,-0.418502924140902,0.0,0.0022315568390653,-0.334778158736406,0.0,0.0022971908637437,-0.3396880118533893,0.0
Multi-Tasking,0.0030751112274273,-0.0786656008295727,0.0,0.0035331065166186,-0.0843593095642906,0.0,0.0056267992672075,-0.1066848934067707,0.0,0.5112535985344151,6.571517404592403,0.977988226260558,0.0136090028788275,-0.1672705920832831,0.0,0.0106647474483119,-0.1476289110811912,0.0,0.002617115938236,-0.0725380561853125,0.0,0.0016356974613975,-0.0572898827329036,0.0,0.0035331065166186,-0.0843593095642906,0.0,0.0044490970950013,-0.0947526905626957,0.0,0.0055613713687516,-0.1060558019293681,0.0,0.0034676786181627,-0.0835690489928537,0.0,0.0022245485475006,-0.0668504106789962,0.0,0.0022899764459565,-0.0678308381312612,0.0
Music Comprehension,0.0031023102310231,-0.6515556550230251,0.0,0.010851291011454,0.7556085884602586,0.6776098040969675,0.0056765676567656,-0.8836282297684911,0.0,0.0332799456416229,1.19635902404107,0.662826308881435,0.0283032420889147,0.1118613625024131,0.5195829617943617,0.0180460104834012,-0.3796000197395063,0.4074552202678715,0.0026402640264026,-0.6008036576789336,0.0,0.0016501650165016,-0.474509146012863,0.0,0.0035643564356435,-0.6987143633407374,0.0,0.0044884488448844,-0.784798574138171,0.0,0.0201844302077266,1.4446779963254262,0.7285755506396075,0.010785284410794,0.7757132063447463,0.6817568175681757,0.0022442244224422,-0.5536951686528951,0.0,0.0023102310231023,-0.561815656440779,0.0
Music Production,0.0030815630736952,-0.3246866564689213,0.0,0.0035405192761605,-0.3481870331582006,0.0,0.0056386047731445,-0.4403342880585456,0.0,0.0406889742521713,1.0042881561140091,0.7228436018957346,0.013637555730396,-0.6903974379698763,0.0,0.0106871230002622,-0.6093278006093885,0.0,0.00262260687123,-0.2993956530070755,0.0,0.0016391292945187,-0.2364599046836531,0.0,0.0035405192761605,-0.3481870331582006,0.0,0.0338046312151926,2.1946091805713888,0.8700513405590417,0.0055730396013637,-0.4377377578565654,0.0,0.0034749541043797,-0.344925289016248,0.0,0.0022292158405455,-0.275920301860554,0.0,0.0022947810123262,-0.2799669462391552,0.0
Naming (Covert),0.0031031295391522,-0.6611552065486229,0.0,0.0035652977683876,-0.7090087172932451,0.0,0.0056780668163211,-0.8966469713844095,0.0,0.0184989907754994,-0.4718256331601247,0.3861214500586346,0.0278866650317858,0.0700992543158086,0.5122776161807481,0.0107619173379109,-1.2407662583025891,0.0,0.009717794420026,1.054486221819241,0.7350286324371541,0.001650600818698,-0.4815002218502096,0.0,0.0035652977683876,-0.7090087172932451,0.0,0.0044896342268585,-0.7963612308223321,0.0,0.0056120427835732,-0.8913596907777168,0.0,0.0034992737356397,-0.7023668702110942,0.0,0.0022448171134292,-0.5618529142882549,0.0,0.0023108411461772,-0.570093043491775,0.0
Naming (Overt),0.0031101111699311,-0.7379076833830129,0.0,0.0092542730752146,0.4960465936220941,0.6210240815320128,0.0056908417151932,-1.000737319941243,0.0,0.01144785600847,-1.427605893415685,0.0,0.0137638962413975,-1.5690499252613523,0.0,0.0221480379450296,0.107905605417416,0.5189738658607782,0.0026469031233456,-0.680429418098191,0.0,0.001654314452091,-0.5373968316889673,0.0,0.0092542730752146,0.4960465936220941,0.6210240815320128,0.0044997353096876,-0.8888095641563026,0.0,0.0056246691371095,-0.9948362471746116,0.0,0.003507146638433,-0.7839035448090809,0.0,0.0022498676548438,-0.627077542879412,0.0,0.0023160402329274,-0.6362742558314097,0.0
Object Manipulation/Discrimination,0.0030815630736952,-0.3246866564689213,0.0,0.0035405192761605,-0.3481870331582006,0.0,0.0056386047731445,-0.4403342880585456,0.0,0.0113427747180697,-0.6281606693175849,0.0,0.013637555730396,-0.6903974379698763,0.0,0.0106871230002622,-0.6093278006093885,0.0,0.00262260687123,-0.2993956530070755,0.0,0.0016391292945187,-0.2364599046836531,0.0,0.0035405192761605,-0.3481870331582006,0.0,0.004458431681091,-0.3910849719038886,0.0,0.0055730396013637,-0.4377377578565654,0.0,0.0034749541043797,-0.344925289016248,0.0,0.0022292158405455,-0.275920301860554,0.0,0.0022947810123262,-0.2799669462391552,0.0
Oddball Discrimination,0.0152206415513247,1.4980519764508986,0.8012225969645869,0.0156810467078625,1.328026539497677,0.7776982097186701,0.0177857559948922,0.7997108698136112,0.6856678993415711,0.0235079343690043,0.0757626934305176,0.5187662071789272,0.025809960151693,-0.111441560696415,0.4724967369009882,0.0228502127168075,0.1361453148774591,0.533698399326032,0.0026308866087871,-0.465690550873141,0.0,0.0137736539164918,2.374719634823285,0.8853948287910551,0.0035516969218626,-0.5415823832101369,0.0,0.016601857020938,1.0593013557173403,0.7345637259638613,0.0055906340436727,-0.6808727366171212,0.0,0.0034859247566429,-0.5365089514117221,0.0,0.002236253617469,-0.4291761623121766,0.0,0.0023020257826887,-0.4354704556024467,0.0
Olfactory Monitor/Discrimination,0.0102830813270417,0.8905452745534361,0.7046892445106065,0.0035648270398732,-0.7038796805567753,0.0,0.0128576786336169,0.2563674360646061,0.5635835999702359,0.025781372582787,0.3562677648395859,0.5621404980146213,0.0137311856350673,-1.3956772705968636,0.0,0.0179408579312139,-0.3947161673401492,0.4039035836177475,0.0026406126221283,-0.605245160014208,0.0,0.0016503828888302,-0.4780170032856816,0.0,0.0107451885359142,0.7399615428719506,0.6743834030807585,0.0044890414576181,-0.7906002776651111,0.0,0.0127916633180637,0.2682647338849126,0.5664921465968586,0.00349881172432,-0.6972858812303879,0.0,0.002244520728809,-0.5577884166768877,0.0,0.0094908975404032,1.2252114274964605,0.7635080645161291
Orthographic Discrimination,0.0082026116109852,0.5274248944121498,0.6284143904063957,0.0086664335033785,0.3838959996441689,0.5947820603767636,0.0107867621543194,-0.0886014646653886,0.4778671395098474,0.0267281634838967,0.5526347225771461,0.5785626661214476,0.0595775463753582,3.994386300558681,0.7786784686471675,0.0311539396853935,1.3660256094731151,0.6618282281228759,0.0026504108136761,-0.7189470348853066,0.0,0.0016565067585475,-0.5678176875118395,0.0,0.0035780545984627,-0.8361111210545344,0.0,0.0095940772881652,0.1490694224891984,0.5372730509077963,0.0107205018839775,-0.076748738680249,0.4808206958073149,0.0035117943281208,-0.8282786049312765,0.0,0.0022528491916247,-0.6625750270416119,0.0,0.0124958672717982,2.354706416258108,0.8250150330727601
Pain Monitor/Discrimination,0.0032046911223237,-1.4139315495332594,0.0,0.008316140469728,0.5605851212240873,0.5818455923192891,0.010498057829608,-0.2683561500562766,0.4609147478472207,0.0241537371933328,0.3832640447934383,0.5342123955051268,0.0141824628392199,-3.006513202232468,0.0,0.0188377330934397,-0.6466958223518858,0.4281043843773717,0.0027273966998499,-1.3037953705385368,0.0,0.0017046229374062,-1.0297254684497503,0.0,0.0036819855447974,-1.5162699837277795,0.0,0.0123601659312959,1.3843585081987022,0.6524601832903283,0.011974591220422,0.3054327220770615,0.5387752103155652,0.0051585189356114,-0.8033264082486168,0.3126678889694282,0.0038630055031826,-0.3302596261971643,0.4175254797016455,0.0039311904206789,-0.3603627779789852,0.4102836681027247
Paired Associate Recall,0.003125,-0.8794922485865665,0.0,0.0075889768206192,0.1421396936001916,0.5356506873708954,0.0177137389724961,1.392671341575105,0.6884555525038909,0.0394925185953987,2.576556050861879,0.7205234197486927,0.0218268898114513,-0.7527507334738485,0.3724800634008618,0.0308305224009686,1.4954956788336815,0.6592558824560789,0.0026595744680851,-0.81098545577416,0.0,0.0016622340425531,-0.6405087770852002,0.0,0.0075889768206192,0.1421396936001916,0.5356506873708954,0.0325111356166753,5.716857532220339,0.8752473272034984,0.0056515957446808,-1.1857184681852362,0.0,0.0035239361702127,-0.9343134741981876,0.0,0.0022606382978723,-0.7473967958928148,0.0,0.0063256789482788,0.5880137910615484,0.6426251922748248
Passive Listening,0.0091429907155277,1.0103823932606362,0.6710024669208342,0.0066102654112397,-0.1433446895173141,0.4640486382529933,0.0057486631016042,-1.3767321285194425,0.0,0.0145648108657852,-1.4316688811209868,0.2106093028494199,0.0199050228010892,-1.1853543579299213,0.3082121224607524,0.0108957219251336,-1.9051006988297272,0.0,0.0026737967914438,-0.936078851481792,0.0,0.0016711229946524,-0.7393063786151127,0.0,0.0126115448968209,1.747222112865482,0.7296849087893864,0.0045454545454545,-1.2227511243222091,0.0,0.0116830976673993,0.1413559376633247,0.525114956649935,0.0035427807486631,-1.0784300478194515,0.0,0.0022727272727272,-0.8626817279141742,0.0,0.0023395721925133,-0.8753338094799237,0.0
Passive Viewing,0.0049397887671503,-0.5429349062952383,0.3680687381356778,0.0089154575066627,0.7751026578308835,0.6118076891140082,0.0093366893692626,-0.6372074748320162,0.3894703457025055,0.018741239759155,-0.9186138237995936,0.3880600945396131,0.0211163754811963,-1.315095127402584,0.3444117234609452,0.0145619879577534,-1.6430166403663409,0.2497161546152412,0.004464761622742,-0.3738691448498388,0.4072293152047753,0.0034468463132958,0.1080840241467694,0.5274914089347078,0.0054148159115585,-0.6914426110888942,0.3357790639383858,0.006364870200375,-0.946198617007876,0.2856588997014694,0.012769469943737,0.5514794963926771,0.5695402632036639,0.0070972756884809,0.0688496207380932,0.5123604881610514,0.0040575954989635,-0.2061204323867866,0.4480934136106549,0.0058757773171453,0.6737746312402576,0.6188736298349502
Phonological Discrimination,0.0031471809294227,-1.0557756441407844,0.0,0.0036159100040176,-1.1321912431262944,0.0,0.0168544626660335,1.4602033934577432,0.6742212189616252,0.0310019388338994,1.5464882264302144,0.6414554826041603,0.055537166563181,4.78553979067117,0.7672994320867558,0.0358802214592692,2.769436816056347,0.7125982164632529,0.0026784518548279,-0.973537507959623,0.0,0.0016740324092674,-0.768890877425839,0.0,0.0036159100040176,-1.1321912431262944,0.0,0.0045533681532074,-1.2716814192982755,0.0,0.011239605780586,0.0310175301924054,0.5055175682079751,0.0063228965021853,-0.2026019414375043,0.4493050123352789,0.0022766840766037,-0.8972032839182227,0.0,0.0051175931675128,0.2191666135107471,0.5551260129358412
Physical Size,0.003076318889907,-0.1573620923040963,0.0,0.003534494043723,-0.1687517455962185,0.0,0.0056290090325958,-0.2134116801586514,0.0,0.011323471658594,-0.3044433002020163,0.0,0.0136143474276737,-0.3346068684862214,0.0,0.0106689357245712,-0.2953157935276119,0.0,0.0026181437360911,-0.1451045968328985,0.0,0.0016363398350569,-0.114602262229426,0.0,0.003534494043723,-0.1687517455962185,0.0,0.0044508443513548,-0.1895425888971676,0.0,0.0055635554391936,-0.2121532501703114,0.0,0.0034690404503207,-0.1671709141314448,0.0,0.0022254221756774,-0.1337270723785061,0.0,0.0022908757690797,-0.1356883122802397,0.0
Pitch Monitor/Discrimination,0.0031055900621118,-0.6891810221982919,0.0,0.0035681247522135,-0.7390630031977565,0.0,0.0056825690498215,-0.9346550857786594,0.0,0.024456956452185,0.216814146405761,0.5380021329541415,0.020256758918573,-0.7569153310927149,0.3247778874629812,0.0172833216250617,-0.4953987224712012,0.3806529503496151,0.00264305537201,-0.6354982506060949,0.0,0.0016519096075062,-0.5019106131156625,0.0,0.0035681247522135,-0.7390630031977565,0.0,0.004493194132417,-0.8301183166389573,0.0,0.0251551056178837,2.3687410673581426,0.7846058134310302,0.0035020483679133,-0.7321396137787172,0.0,0.0022465970662085,-0.5856693889104116,0.0,0.0023126734505087,-0.5942588102917743,0.0
Pointing,0.0030884478906558,-0.4596889318904467,0.0,0.0035484294913917,-0.4929605888682937,0.0,0.0056512025233276,-0.6234219809145384,0.0,0.0113681167039032,-0.8893451621157962,0.0,0.0136680247075831,-0.9774595121701694,0.0,0.0399913415228096,1.5167756688552352,0.7354533152909336,0.0026284662899198,-0.4238821189642547,0.0,0.0016427914311998,-0.334778158736406,0.0,0.0035484294913917,-0.4929605888682937,0.0,0.0044683926928637,-0.5536951686528951,0.0,0.0055854908660796,-0.6197458329380542,0.0,0.0034827178341437,-0.4883426359871359,0.0,0.0022341963464318,-0.390645892962061,0.0,0.0022999080036798,-0.3963751017086413,0.0
Reading (Covert),0.0099930069930069,1.2100943680195688,0.6997900629811057,0.0036,-1.0182957245480166,0.0,0.0091631701631701,-0.4874488251056518,0.3815822945815314,0.0183930069930069,-0.7019716691143664,0.3801992243935822,0.0515948717948717,3.6880163418450422,0.745452738296392,0.0280158508158508,1.1395930583091949,0.6240223649615602,0.0026666666666666,-0.8756021458927906,0.0,0.0016666666666666,-0.6915424385060076,0.0,0.0036,-1.0182957245480166,0.0,0.0079631701631701,-0.2447707872352888,0.4390843627422282,0.0193860139860139,1.9397209695949869,0.7214486689272058,0.0103930069930069,1.025793199546433,0.6728569506122999,0.0022666666666666,-0.8069469478863077,0.0,0.0023333333333333,-0.8187816237273912,0.0
Reading (Overt),0.0031187790311877,-0.8233009757921648,0.0,0.0035832780358327,-0.8828903758315192,0.0,0.010269974686033,-0.197751774502907,0.4507927011666168,0.0160430337437636,-0.9412467315375308,0.2885756960667918,0.0639982550566492,4.801206987228776,0.795739288217279,0.02450600899506,0.4673620393586566,0.5667544189544942,0.0072175526555088,0.5839642680991183,0.641440367753469,0.0016589250165892,-0.5995862976907038,0.0,0.0035832780358327,-0.8828903758315192,0.0,0.0045122760451227,-0.9916657570341032,0.0,0.0330199808301998,4.434770635822398,0.8412414871050574,0.0080801936641352,0.2932206659144759,0.5729602311611284,0.0159459559094595,3.669135949019613,0.8709975725349671,0.006885767652191,0.7254940545488799,0.6723476398679397
Reasoning/Problem Solving,0.0065157605246456,0.1161887663144607,0.5292207792207793,0.0036009602560682,-1.0255286941310806,0.0,0.0124980454557997,0.2928760943465341,0.5518104209596704,0.0115364097092558,-1.8501458399143464,0.0,0.0273967310823116,0.0277779551747632,0.5034580004028739,0.0379222965204514,2.848171231147852,0.7274403036660644,0.0060489693803405,0.2802064028788297,0.5700600623431916,0.0084302940554262,2.2403739666509264,0.8180677540777918,0.0137457344947158,1.97758081132632,0.7525845628826658,0.0045345425446785,-1.1518776471743504,0.0,0.0361025008967908,5.906341605419753,0.8596214109194671,0.0136790500455293,2.0151868845766026,0.7562533620225927,0.0022672712723392,-0.8126787039847616,0.0,0.0057155471344082,0.4172544296145831,0.6033150949468942
Recitation/Repetition (Covert),0.0030827758100485,-0.35224141629926,0.0,0.0035419126328217,-0.377736168866618,0.0,0.0305752328479601,1.6450222179688383,0.8176552611820229,0.0612160566706021,2.329209186238356,0.8167791706846673,0.0136429227338318,-0.7489884986485956,0.0,0.010691328873147,-0.6610388299024798,0.0,0.0026236389872753,-0.3248040741678849,0.0,0.001639774367047,-0.2565272396148825,0.0,0.0035419126328217,-0.377736168866618,0.0,0.0293945953036862,1.960086587331163,0.8504964855517126,0.0055752328479601,-0.4748866783498934,0.0,0.0034763216581398,-0.3741976145303783,0.0,0.002230093139184,-0.2993364709534463,0.0,0.0022956841138659,-0.3037265366330143,0.0
Recitation/Repetition (Overt),0.0031010820797044,-0.636894881429617,0.0,0.0111892725906977,0.8042187605408935,0.6874716501859748,0.0056743204011612,-0.8637455485001928,0.0,0.0266672757171569,0.4427957552501705,0.5769099006509079,0.02897659215949,0.1768953823629471,0.5309325299516571,0.0260074710193475,0.5291987172559478,0.5915459974239881,0.0026392187912377,-0.5872848641093947,0.0,0.0016495117445236,-0.4638321284717445,0.0,0.003562945368171,-0.6829924629805313,0.0,0.0044866719451042,-0.767139677122746,0.0,0.0056083399313803,-0.8586522785361496,0.0,0.0111232921209168,0.8244827287828828,0.6915495528381091,0.0022433359725521,-0.5412363718566381,0.0,0.002309316442333,-0.5491741390557151,0.0
Rest,0.0030904786954234,-0.4924925101864142,0.0,0.0035507627564439,-0.5281384453532553,0.0,0.0056549184639663,-0.6679096123183568,0.0,0.0113755917937927,-0.9528091736107708,0.0,0.0136770120988953,-1.047211397443435,0.0,0.010718043135192,-0.9242430265292064,0.0,0.0026301946344029,-0.4541305093714841,0.0,0.0143986296011545,2.4529216411316286,0.8903981264637002,0.0035507627564439,-0.5281384453532553,0.0,0.004471330878485,-0.5932070680199497,0.0,0.0055891635981062,-0.6639711330138633,0.0,0.0162397658452366,1.411375305849767,0.789451827242525,0.0022356654392425,-0.4185225335482935,0.0,0.0023014203051025,-0.4246605808260073,0.0
Reward,0.0060524501682525,-0.0746673037628972,0.4902740159696085,0.0092350481338935,1.5594365187990178,0.6426299045599152,0.0122010233535287,0.5415523827193433,0.5472129402629582,0.0311747275875826,3.4562191432420537,0.6662933395251006,0.018943792198856,-3.0599395388347284,0.2349602724177071,0.0204058626737399,-0.3836944467157037,0.4726052050892815,0.0062203194903415,0.8232651996744466,0.5963035851801146,0.0038039379992701,0.56189918755239,0.5850566671330628,0.0052144873886175,-1.330196577979937,0.2845302739558241,0.0109095898623535,1.290173957880983,0.61198981334218,0.0081087163031875,-1.7292971953888634,0.2744601247128322,0.0071530214561902,0.1585550960368856,0.5185499352649672,0.0051197482024037,0.6071771557946514,0.5795908183632734,0.003851307592377,-0.6491346855443693,0.3852404643449419
Saccades,0.003125,-0.8794922485865665,0.0,0.0035904255319148,-0.943148696196276,0.0,0.0057180851063829,-1.192751797520965,0.0,0.011502659574468,-1.7015249272636672,0.0,0.0218268898114513,-0.7527507334738485,0.3724800634008618,0.034829073689673,2.1246971251248734,0.7002840247706849,0.0026595744680851,-0.81098545577416,0.0,0.0016622340425531,-0.6405087770852002,0.0,0.0115875281093236,1.227428083396668,0.7016234372084345,0.0045212765957446,-1.05934812680265,0.0,0.0056515957446808,-1.1857184681852362,0.0,0.0035239361702127,-0.9343134741981876,0.0,0.0022606382978723,-0.7473967958928148,0.0,0.0023271276595744,-0.7583581098022665,0.0
Self-Reflection,0.0585063752276867,5.702975941299961,0.9495641344956413,0.0035409836065573,-0.3583049944082934,0.0,0.005639344262295,-0.4531299548679961,0.0,0.0113442622950819,-0.64641437984017,0.0,0.013639344262295,-0.7104596857255782,0.0,0.0106885245901639,-0.6270342471109986,0.0,0.0026229508196721,-0.3080957863466059,0.0,0.029351548269581,3.8895138745901927,0.9463820280501428,0.1698142076502732,16.546170760299027,0.9814647959840392,0.0044590163934426,-0.4024495036480083,0.0,0.0055737704918032,-0.4504579721377298,0.0,0.0034754098360655,-0.3549484672971513,0.0,0.0022295081967213,-0.2839382653585529,0.0,0.0022950819672131,-0.2881025011093664,0.0
Semantic Monitor/Discrimination,0.0066675211155684,0.3498003026222959,0.5453846449579024,0.0046451687322968,-1.5250809349289132,0.1957067571669012,0.0077395127077912,-1.757727749274937,0.234922001788494,0.026451302820963,1.3542358829521794,0.5842640553151696,0.0297571228996577,0.8248300104368064,0.5499065356155297,0.0173603937300539,-1.4490630812232472,0.3665606012506367,0.0070126757494584,1.3014577299510914,0.648176916750434,0.0042780974840752,0.9309802898939928,0.6374966296174241,0.0155469541032772,5.344870400864796,0.8186344825312031,0.00730925496328,-0.8924592058253323,0.3731259534622736,0.0152164105456083,2.061100854166907,0.6571852126378208,0.0096062699460415,1.6993920532472953,0.6624461314725621,0.0040739269189854,-0.2970953615264385,0.4462971119360724,0.0041444189533855,-0.340016487636109,0.4387060860959921
Sequence Recall/Learning,0.0031010820797044,-0.636894881429617,0.0,0.0111892725906977,0.8042187605408935,0.6874716501859748,0.0209269748462147,1.4981890587223408,0.7351571594877765,0.0114146212721034,-1.2321797247681765,0.0,0.0213502649369632,-0.5886829910232387,0.3602909713307659,0.010754816574294,-1.1952377764499698,0.0,0.0026392187912377,-0.5872848641093947,0.0,0.0016495117445236,-0.4638321284717445,0.0,0.003562945368171,-0.6829924629805313,0.0,0.0044866719451042,-0.767139677122746,0.0,0.0208609943764338,1.5169782607767155,0.7374823609556712,0.00349696489839,-0.6765943307901452,0.0,0.0022433359725521,-0.5412363718566381,0.0,0.002309316442333,-0.5491741390557151,0.0
Sexual Arousal/Gratification,0.0030783337699764,-0.2361204257567508,0.0,0.0035368090123133,-0.2532104996441813,0.0,0.0056326958344249,-0.3202223359050531,0.0,0.0668209472244054,1.7855959524787997,0.8314092790241778,0.0136232643437254,-0.5020746425728798,0.0,0.0106759235001309,-0.4431187325959141,0.0,0.0026198585276395,-0.2177281623660374,0.0,0.0016374115797746,-0.171959679450668,0.0,0.0035368090123133,-0.2532104996441813,0.0,0.0044537594969871,-0.2844069758741443,0.0,0.0055671993712339,-0.318334072853379,0.0,0.0034713125491223,-0.250838476032607,0.0,0.0022268797484935,-0.2006562876921963,0.0,0.0022923762116845,-0.2035991107941766,0.0
Stroop-Color Word,0.0031101111699311,-0.7379076833830129,0.0,0.0149352269339126,1.7834096208050003,0.7696068445711958,0.028414657149985,3.0883486657903183,0.809036886342952,0.0512145330193558,3.647029871891073,0.7855169750794547,0.0535305732522833,3.069861439206349,0.7515309964620128,0.0164670840863316,-0.6384496363973444,0.3490069284064665,0.0026469031233456,-0.680429418098191,0.0,0.007335268310789,1.3510279888162302,0.7834923268353381,0.0149352269339126,1.7834096208050003,0.7696068445711958,0.0044997353096876,-0.8888095641563026,0.0,0.0056246691371095,-0.9948362471746116,0.0,0.009188100497131,0.5154620576580206,0.6254966887417218,0.0022498676548438,-0.627077542879412,0.0,0.0023160402329274,-0.6362742558314097,0.0
Stroop-Counting,0.003076318889907,-0.1573620923040963,0.0,0.003534494043723,-0.1687517455962185,0.0,0.0056290090325958,-0.2134116801586514,0.0,0.011323471658594,-0.3044433002020163,0.0,0.0136143474276737,-0.3346068684862214,0.0,0.135603482131169,3.166491890416464,0.9218052371183784,0.0026181437360911,-0.1451045968328985,0.0,0.0016363398350569,-0.114602262229426,0.0,0.003534494043723,-0.1687517455962185,0.0,0.0044508443513548,-0.1895425888971676,0.0,0.0055635554391936,-0.2121532501703114,0.0,0.0034690404503207,-0.1671709141314448,0.0,0.0022254221756774,-0.1337270723785061,0.0,0.0022908757690797,-0.1356883122802397,0.0
Stroop-Emotional,0.0030791404612159,-0.2610751537633078,0.0,0.0035377358490566,-0.2799714167769267,0.0,0.0056341719077568,-0.3540654956762764,0.0,0.011333857442348,-0.5050935727192359,0.0,0.0136268343815513,-0.5551371258554696,0.0,0.1014567848294263,3.6870610238551897,0.8960375697094218,0.0026205450733752,-0.2407390774692032,0.0,0.0016378406708595,-0.1901334863758128,0.0,0.0035377358490566,-0.2799714167769267,0.0,0.0044549266247379,-0.314464937625485,0.0,0.0055686582809224,-0.3519776688185131,0.0,0.0034722222222222,-0.277348702426242,0.0,0.0022274633123689,-0.2218629370793304,0.0,0.0022929769392033,-0.2251167766884422,0.0
Stroop-Other,0.0030876363158586,-0.4459051711881376,0.0,0.0346661082643542,3.751824826776477,0.9014568281416556,0.0212090231244251,1.0747558204274317,0.7367147420385249,0.0113651294179477,-0.8626781704918121,0.0,0.0447830442780186,1.2293476672485193,0.6978087466764463,0.0107081855209565,-0.8368142386733032,0.0,0.0026277755879647,-0.4111720246190127,0.0,0.0016423597424779,-0.3247398443279959,0.0,0.0035474970437524,-0.4781791783942878,0.0,0.020026524109841,1.349395876232972,0.7802152742183496,0.021143328734726,1.0880604109322494,0.7390037867754151,0.0034818026540533,-0.4736996947105212,0.0,0.00223360924977,-0.3789323859916294,0.0,0.0022993036394691,-0.3844898045625103,0.0
Syntactic Discrimination,0.0030831802676462,-0.3609637217938927,0.0,0.003542377328785,-0.3870897829187133,0.0,0.005641563893991,-0.4895326009995441,0.0,0.0113487273681448,-0.6983447227161349,0.0,0.0136447126738388,-0.7675351720233949,0.0,0.0106927315665179,-0.6774076677262675,0.0,0.0026239832065074,-0.3328469681312303,0.0,0.0016399895040671,-0.2628794425304955,0.0,0.003542377328785,-0.3870897829187133,0.0,0.0044607714510627,-0.4347806852653953,0.0,0.0055759643138283,-0.4866459618759965,0.0,0.0034767777486224,-0.3834636058598128,0.0,0.0259743099548924,2.976837452021983,0.91665664461816,0.002295985305694,-0.3112475024160077,0.0
Tactile Monitor/Discrimination,0.0031237538216137,-0.8685272977507315,0.0,0.0035889937524923,-0.9313901171965248,0.0,0.0098160086844787,-0.3055415027649424,0.4244766687355413,0.0114980725774292,-1.6803113950200617,0.0,0.0302250875094155,0.4152324485272988,0.5514183097559188,0.0108334441047454,-1.6299340227377823,0.0,0.0067587177101333,0.474351354068812,0.6164877489142014,0.0057617750011077,0.9789352588819036,0.7231567816975872,0.0035889937524923,-0.9313901171965248,0.0,0.0045194736142496,-1.0461408470942817,0.0,0.005649342017812,-1.1709356833117055,0.0,0.0117229385440205,1.2949226746433538,0.7108570348672398,0.0022597368071248,-0.73807872727425,0.0,0.0023261996543931,-0.7489033824828362,0.0
Task Switching,0.0031237538216137,-0.8685272977507315,0.0,0.0117894013912889,1.265713174696398,0.7068495724889599,0.0221166201426735,2.3114779656315334,0.7535810878493439,0.0278988878550223,0.794181859727208,0.5973953783848169,0.0466259027870087,2.6772578256435837,0.7149101967119643,0.0354346670211351,2.191411294987636,0.7055237737972428,0.002658513890735,-0.8008746041260284,0.0,0.0016615711817094,-0.632523320406137,0.0,0.0035889937524923,-0.9313901171965248,0.0,0.0127198812530462,0.9135783917149276,0.6551423843943219,0.0097495458372103,-0.2935375041400011,0.4273703346020565,0.0158231423634188,2.403716535532774,0.789982148482621,0.0104601444459213,2.027183876920402,0.7966747855554379,0.0105266072931897,1.9767483090963616,0.7916447437651268
Taste,0.0074792276322438,0.3698983201626279,0.5916090509113765,0.0079440350691628,0.2281438164916939,0.5569938604926401,0.0057104913678618,-1.1424788735546945,0.0,0.0202041391954306,-0.3554080007065733,0.4380071546985428,0.0138114209827357,-1.7912856405404305,0.0,0.0108233731739707,-1.580944655332431,0.0,0.0070144201953248,0.5367162114183673,0.6308117617491832,0.0016600265604249,-0.6135121721611426,0.0,0.0035856573705179,-0.9033962155952744,0.0,0.0088736499430008,-0.0054141876231784,0.4986424740083438,0.0056440903054448,-1.135741989826224,0.0,0.0122360117053908,1.3892462339919969,0.7232387264082986,0.0022576361221779,-0.7158950011601241,0.0,0.0023240371845949,-0.7263943100641038,0.0
Theory of Mind,0.0279944259159283,8.14061838755882,0.9112601257923204,0.0036256210554585,-1.1963930790708337,0.0,0.0082580165139776,-0.8269711362033014,0.3089144231965819,0.0116154156035987,-2.1584005311725525,0.0,0.0139653551765811,-2.372250078078289,0.0,0.0109440042970323,-2.0936895809192784,0.0,0.0200728001688119,5.991508017774639,0.8896189224704337,0.0116140453764425,4.256792029946147,0.8785983954695611,0.0234966552755115,5.715195963512937,0.8685560998367156,0.0070494761621581,-0.5731890844194774,0.361873754798581,0.0106747546608276,-0.124047222127055,0.4779539182337462,0.0060423592023085,-0.3131819639543157,0.4221894665230455,0.0047666777198323,0.1392812508524482,0.5351778656126482,0.0172532152380221,5.468727430052041,0.8871460906166858
Thirst Induction,0.0030767216548834,-0.1759476845219004,0.0,0.0035349567949725,-0.1886825375917461,0.0,0.005629746006808,-0.2386171308734291,0.0,0.0113249541764859,-0.3404002384210561,0.0,0.0136161298769311,-0.3741263405516005,0.0,0.0106703325477873,-0.3301947077160108,0.0,0.0026184865147944,-0.1622424908846219,0.0,0.0016365540717465,-0.1281376117017622,0.0,0.0035349567949725,-0.1886825375917461,0.0,0.0044514270751505,-0.211928928666609,0.0,0.0055642838439382,-0.2372100712738814,0.0,0.0034694946321026,-0.186914998588078,0.0,0.0022257135375752,-0.1495211991552699,0.0,0.0022911757004451,-0.151714075561839,0.0
Tone Monitor/Discrimination,0.0031134075251722,-0.7714969928881519,0.0,0.0035771065182829,-0.8273368914065965,0.0,0.0160907037068027,0.9113101010925616,0.6541861674466979,0.0270507349454717,0.5897705918474281,0.5836985100788782,0.0241723147295902,-0.3714308799969601,0.43546991288294,0.0315852229938917,1.410627904394845,0.6665342075634149,0.0026497085320614,-0.7114023363040567,0.0,0.0016560678325384,-0.5618589546796458,0.0,0.0035771065182829,-0.8273368914065965,0.0,0.0097014196859398,0.170173978004619,0.5425141953568605,0.0108275458120659,-0.0556448558338929,0.4860896445131375,0.0087077789864167,0.4245246823715193,0.6044202434336964,0.0022522522522522,-0.6556219016736349,0.0,0.0023184949655537,-0.6652372459053048,0.0
Tower of London,0.0030807551127425,-0.3049500213285101,0.0,0.0035395909805977,-0.3270218873255957,0.0,0.0721726970809299,4.487050477090158,0.9237103414870428,0.0446075860863485,1.1476697951306618,0.747257053291536,0.080169550777836,2.528463078493454,0.8315709146407937,0.0106843209229155,-0.5722887654598559,0.0,0.0026219192448872,-0.2811963748775435,0.0,0.0016386995280545,-0.2220862839293173,0.0,0.0035395909805977,-0.3270218873255957,0.0,0.0377250480685194,2.385008538501359,0.8835862388509208,0.0055715783953854,-0.4111291176742005,0.0,0.0034740429994756,-0.3239584138940913,0.0,0.0022286313581541,-0.2591480132026888,0.0,0.0022941793392763,-0.262948675364121,0.0
Transcranial Magnetic Stimulation,0.0030888538380651,-0.4664307251531978,0.0,0.0177688898903409,1.5225370627316492,0.8039733699672408,0.0198719393120024,0.9736458545753712,0.7188887838987055,0.0113696109358569,-0.9023882893400146,0.0,0.0136698212407991,-0.9917949235681778,0.0,0.0107124079915878,-0.8753338094799233,0.0,0.0026288117770767,-0.4300987698679029,0.0,0.0016430073606729,-0.3396880118533893,0.0,0.0035488958990536,-0.5001903439184457,0.0,0.0044689800210304,-0.561815656440779,0.0,0.0055862250262881,-0.6288350191056158,0.0,0.0034831756046267,-0.495504664186668,0.0,0.0022344900105152,-0.3963751017086413,0.0,0.0023002103049421,-0.4021883349732141,0.0
Trauma Recall,0.0030767216548834,-0.1759476845219004,0.0,0.0035349567949725,-0.1886825375917461,0.0,0.005629746006808,-0.2386171308734291,0.0,0.0113249541764859,-0.3404002384210561,0.0,0.1135506677140612,2.375342525636748,0.8806641300588032,0.0106703325477873,-0.3301947077160108,0.0,0.0026184865147944,-0.1622424908846219,0.0,0.0016365540717465,-0.1281376117017622,0.0,0.0035349567949725,-0.1886825375917461,0.0,0.0044514270751505,-0.211928928666609,0.0,0.0055642838439382,-0.2372100712738814,0.0,0.1034040324692327,5.203995696539016,0.9670802734869588,0.0022257135375752,-0.1495211991552699,0.0,0.0022911757004451,-0.151714075561839,0.0
Vibrotactile Monitor/Discrimination,0.0031274953420282,-0.9010474055583164,0.0,0.0035932925206281,-0.9662639859863668,0.0,0.0057226510513707,-1.221984519316092,0.0,0.0115118445568272,-1.7432269854199045,0.0,0.0138408304498269,-1.9159420564189724,0.0,0.0108464200159701,-1.690963342456291,0.0,0.0026616981634282,-0.8308616045737797,0.0,0.0016635613521426,-0.6562067747128576,0.0,0.0035932925206281,-0.9662639859863668,0.0,0.0083343134159904,-0.1396849595154653,0.4650615832147057,0.005656108597285,-1.2147788126591197,0.0,0.0035267500665424,-0.957212224732412,0.0,0.002262443438914,-0.7657144732589809,0.0,0.0023289858929997,-0.7769444340408911,0.0
Video Games,0.0030815630736952,-0.3246866564689213,0.0,0.0035405192761605,-0.3481870331582006,0.0,0.0056386047731445,-0.4403342880585456,0.0,0.0406889742521713,1.0042881561140091,0.7228436018957346,0.013637555730396,-0.6903974379698763,0.0,0.0106871230002622,-0.6093278006093885,0.0,0.00262260687123,-0.2993956530070755,0.0,0.0016391292945187,-0.2364599046836531,0.0,0.0035405192761605,-0.3481870331582006,0.0,0.004458431681091,-0.3910849719038886,0.0,0.0055730396013637,-0.4377377578565654,0.0,0.0328211536384813,2.581005880740892,0.8961222091656874,0.0022292158405455,-0.275920301860554,0.0,0.0316409805464278,3.3163143480564115,0.9295465626523648
Visual Motion,0.0030759162303664,-0.1362706504161586,0.0,0.0035340314136125,-0.1461337339543001,0.0,0.0056282722513089,-0.1848078405403077,0.0,0.0113219895287958,-0.2636383764725184,0.0,0.0136125654450261,-0.2897590832372559,0.0,0.0106675392670157,-0.2557342411564013,0.0,0.0026178010471204,-0.1256560426928105,0.0,0.0016361256544502,-0.0992419748905467,0.0,0.0035340314136125,-0.1461337339543001,0.0,0.0044502617801047,-0.164137954016688,0.0,0.0055628272251308,-0.183718079527961,0.0,0.0034685863874345,-0.1447647833465082,0.0,0.0022251308900523,-0.1158034623488123,0.0,0.0022905759162303,-0.1175018347656894,0.0
Visual Object Identification,0.0031299946723494,-0.9221320843945966,0.0,0.0035961640916355,-0.9888747450761868,0.0,0.0093643323664634,-0.4273081511493096,0.395511773692251,0.0151581522918763,-1.2001928399374318,0.2443374121322572,0.0538600801120779,3.90988961505637,0.7564181237005762,0.0217664121233647,0.0726658375566639,0.5104704922491162,0.0026638252530633,-0.8503039224604612,0.0,0.0016648907831646,-0.6715621367167456,0.0,0.0035961640916355,-0.9888747450761868,0.0,0.0045285029302077,-1.110707795137424,0.0,0.0056606286627597,-1.2432048654550485,0.0,0.0071666765326861,0.0668134523273176,0.516795154185022,0.005901359537481,0.5212264753490383,0.6276017721307365,0.0059679551688075,0.4910423245324659,0.6205984460241362
Visual Pursuit/Tracking,0.0031072325796641,-0.7072717699991037,0.0,0.0035700119000396,-0.7584631346133232,0.0,0.0056855745074705,-0.9591894372668032,0.0,0.0114372603464233,-1.368335592425554,0.0,0.0261189342853365,-0.1223732224747187,0.4785800164525723,0.0293278130371545,1.006578527819037,0.6393248612246049,0.0026444532592886,-0.6521798454400624,0.0,0.0016527832870554,-0.515085581705865,0.0,0.0035700119000396,-0.7584631346133232,0.0,0.0044955705407906,-0.8519086164693965,0.0,0.0118033518445061,0.1182100916575064,0.5295106070153329,0.0035039005685574,-0.7513580087739923,0.0,0.0022477852703953,-0.6010429944917697,0.0,0.0084977852703953,1.05483633469422,0.7354857531848683
Visuospatial Attention,0.003214334564355,-1.4654433370296742,0.0,0.0065683332426958,-0.2315891202429345,0.458571159756633,0.0130697183481566,0.6726087903036334,0.5761501725849921,0.0218949247956124,-0.1942387525299907,0.4814891475129128,0.0372272841880447,2.4020117393694527,0.6472775564409031,0.0212110238244731,-0.0312539570234805,0.4970136643067331,0.0070485058823723,0.9818255091879372,0.6409971651518251,0.0017097524278484,-1.0672400139933016,0.0,0.0036930652441526,-1.5715101240406246,0.0,0.0104010626008341,0.6251748613977254,0.5791808603343105,0.0086884262532279,-0.9055124918950006,0.3466736213191711,0.0050623091463103,-0.8805817435479445,0.297497456765005,0.0037628973011454,-0.4021321335540414,0.4002299228116275,0.0023936533989878,-1.2636050412930504,0.0
Whistling,0.003076318889907,-0.1573620923040963,0.0,0.003534494043723,-0.1687517455962185,0.0,0.0056290090325958,-0.2134116801586514,0.0,0.011323471658594,-0.3044433002020163,0.0,0.0136143474276737,-0.3346068684862214,0.0,0.0106689357245712,-0.2953157935276119,0.0,0.0026181437360911,-0.1451045968328985,0.0,0.0016363398350569,-0.114602262229426,0.0,0.003534494043723,-0.1687517455962185,0.0,0.0044508443513548,-0.1895425888971676,0.0,0.0055635554391936,-0.2121532501703114,0.0,0.0034690404503207,-0.1671709141314448,0.0,0.0022254221756774,-0.1337270723785061,0.0,0.0022908757690797,-0.1356883122802397,0.0
Wisconsin Card Sorting Test,0.0030978117585025,-0.5961003672331763,0.0,0.0035591879778539,-0.6392452975698449,0.0,0.0143743553452574,0.4520361647893918,0.6102485721180919,0.0201086026429109,-0.2593977902528033,0.4362277170787809,0.0224154837396681,-0.4504093402297469,0.3913335052875935,0.0716856073746189,5.323092298009976,0.8565667645255992,0.002636435539151,-0.5496679803428183,0.0,0.0016477722119694,-0.4341226632186516,0.0,0.0209712258500191,2.53538225884752,0.8365681517423909,0.021893978288722,2.113625073517313,0.8013098130347522,0.0143084444567786,0.4641120947615307,0.6130596411831258,0.0121992960254577,0.968855928681331,0.7190521327014219,0.0022409702082784,-0.5065689950270825,0.0,0.0023068810967571,-0.5139983308254179,0.0
Word Generation (Covert),0.0031383547008547,-0.9893986465807066,0.0,0.0036057692307692,-1.061009969150519,0.0,0.0120605872622001,0.1968920027495027,0.5349335619374196,0.0210289150813344,-0.2773975408070767,0.460195845454173,0.039161152467604,1.8861184245291465,0.6589809029305641,0.0203611800385993,-0.1716767172082013,0.4752877454299255,0.0058299731182795,0.2123376482588712,0.553314121037464,0.0016693376068376,-0.7205504291704754,0.0,0.0036057692307692,-1.061009969150519,0.0,0.0045405982905982,-1.191730347368923,0.0,0.0119938137579266,0.2137265569498482,0.5379117129413454,0.0161751275158533,2.860473092821913,0.7977201906943298,0.0022702991452991,-0.8407957881419783,0.0,0.0023370726495726,-0.8531268907346243,0.0
Word Generation (Overt),0.0031270791749833,-0.8974884600159218,0.0,0.011272247172322,1.1660206794671508,0.6930738725444988,0.0095616059547571,-0.372069083361265,0.4085349279695569,0.0345486111111111,1.8594474771017355,0.6783919597989949,0.0330375706919494,0.8308281530814726,0.5911829953271764,0.0300435587159015,1.4006910742347514,0.6500977525562726,0.0065010603792415,0.4078093812939669,0.6008635164307987,0.0016633399866932,-0.6536148975692726,0.0,0.0035928143712574,-0.9624474488269568,0.0,0.0045242847638057,-1.0810245576044792,0.0,0.0094950723552894,-0.3599914989978933,0.4113976022335359,0.007365997172322,0.1207248831145926,0.5303083762613789,0.0061018587824351,0.5767493108091741,0.6401737797086634,0.0023286759813705,-0.7738756688314683,0.0
Word Stem Completion (Covert),0.0030771245253371,-0.1927536499907546,0.0,0.0035354196674086,-0.2067048958851169,0.0,0.0056304831740212,-0.2614090833372119,0.0,0.011326437082624,-0.3729141908952748,0.0,0.0136179127929815,-0.4098617034657758,0.0,0.0106717297368076,-0.3617338602257608,0.0,0.0026188293832656,-0.1777393796717456,0.0,0.001636768364541,-0.1403769104647601,0.0,0.0035354196674086,-0.2067048958851169,0.0,0.0044520099515516,-0.2321717085969065,0.0,0.0055650124394395,-0.259867625861916,0.0,0.003469948932827,-0.2047685271549239,0.0,0.0022260049757758,-0.1638029904541621,0.0,0.0022914757103574,-0.1662053234686223,0.0
Word Stem Completion (Overt),0.0030803512911259,-0.2945904006821249,0.0,0.0035391270153362,-0.3159124514875552,0.0,0.0056363874688687,-0.399518279451258,0.0,0.0113383143269104,-0.5699344262542309,0.0,0.0136321929479617,-0.6264022676303794,0.0,0.0106829204351815,-0.5528472370266918,0.0,0.0026215755669157,-0.2716437020881491,0.0,0.0016384847293223,-0.2145416717261436,0.0,0.0035391270153362,-0.3159124514875552,0.0,0.0044566784637567,-0.3548340416168349,0.0,0.0055708480796958,-0.3971624300273757,0.0,0.0034735876261633,-0.3129530489542014,0.0,0.0022283392318783,-0.2503443571270194,0.0,0.0022938786210512,-0.2540159049567782,0.0
Writing,0.0030779305828421,-0.2226018931463964,0.0,0.0035363457760314,-0.2387135141091375,0.0,0.0056319580877537,-0.301888741610437,0.0,0.0113294040602488,-0.4306606120217512,0.0,0.0136214800261951,-0.4733295121729977,0.0,0.0106745252128356,-0.4177489874006044,0.0,0.0026195153896529,-0.205262636549266,0.0,0.001637197118533,-0.1621145229934508,0.0,0.0035363457760314,-0.2387135141091375,0.0,0.0044531761624099,-0.2681239077505601,0.0,0.0055664702030124,-0.3001085867224644,0.0,0.0034708578912901,-0.2364772952609282,0.0,0.0022265880812049,-0.1891681728459435,0.0,0.0022920759659463,-0.1919425113708563,0.0
n-back,0.0031799729364005,-1.2724080912302735,0.0,0.0112880882722619,1.6888998661603407,0.7003079838900734,0.0153618018152936,1.3051973471938851,0.6432463485542189,0.0250653858702337,0.5473538759683257,0.5519161829976101,0.0427024555135398,3.1887176116173537,0.6942052492813707,0.035840549401766,3.365351677655097,0.7168333084614236,0.0065236111185396,0.5989373006432753,0.6058866934492088,0.0055087261388373,1.31285099857554,0.7175105587649886,0.0055622115132616,-0.6011524715800765,0.3553055435357469,0.0084180630806505,-0.1708646722667642,0.4695342779083805,0.0172027684029802,1.9426251729719184,0.6892906555567646,0.0054945525146148,-0.5812530774912454,0.3596807164411564,0.0118435338856589,3.722447711899432,0.8343306162079166,0.0042766905389721,-0.1501698668515952,0.4621060530265132
